<?xml version="1.0" encoding="UTF-8"?>
<project-private xmlns="http://www.netbeans.org/ns/project-private/1">
    <editor-bookmarks xmlns="http://www.netbeans.org/ns/editor-bookmarks/2" lastBookmarkId="0"/>
    <open-files xmlns="http://www.netbeans.org/ns/projectui-open-files/2">
        <group name="450Examples"/>
        <group>
            <file>file:/Users/lanfuli/Documents/CSS430/CSS450MP5/FinalProject/RitchieLanFinalProject/public_html/src/App/System.js</file>
            <file>file:/Users/lanfuli/Documents/CSS430/CSS450MP5/FinalProject/RitchieLanFinalProject/public_html/src/App/ClassExample.js</file>
        </group>
    </open-files>
</project-private>
