<?xml version="1.0" encoding="UTF-8"?>
<project-private xmlns="http://www.netbeans.org/ns/project-private/1">
    <editor-bookmarks xmlns="http://www.netbeans.org/ns/editor-bookmarks/2" lastBookmarkId="0"/>
    <open-files xmlns="http://www.netbeans.org/ns/projectui-open-files/2">
        <group name="450Examples"/>
        <group>
            <file>file:/Users/lanfuli/NetBeansProjects/CSS450MP5/RitchieLanMP5/public_html/src/Engine/Renderable/SceneNode.js</file>
            <file>file:/Users/lanfuli/NetBeansProjects/CSS450MP5/RitchieLanMP5/public_html/src/App/Manipulator.js</file>
            <file>file:/Users/lanfuli/NetBeansProjects/CSS450MP5/RitchieLanMP5/public_html/src/Engine/Renderable/ClickableObject.js</file>
            <file>file:/Users/lanfuli/NetBeansProjects/CSS450MP5/RitchieLanMP5/public_html/src/App/ClassExample_MouseOver.js</file>
            <file>file:/Users/lanfuli/NetBeansProjects/CSS450MP5/RitchieLanMP5/public_html/src/App/ClassExample.js</file>
            <file>file:/Users/lanfuli/NetBeansProjects/CSS450MP5/RitchieLanMP5/public_html/src/MainController.js</file>
            <file>file:/Users/lanfuli/NetBeansProjects/CSS450MP5/RitchieLanMP5/public_html/src/App/Face.js</file>
            <file>file:/Users/lanfuli/NetBeansProjects/CSS450MP5/RitchieLanMP5/public_html/src/Engine/Renderable/MeshRenderable.js</file>
            <file>file:/Users/lanfuli/NetBeansProjects/CSS450MP5/RitchieLanMP5/public_html/src/Engine/Renderable/ClickableNode.js</file>
        </group>
    </open-files>
</project-private>
